Email,Name,Degree,Institution Name,Institution Country
Burke@morris-keller.biz,William Burke,Master,Jacobs University Bremen,Germany
Booth@adams.biz,Joseph Booth,Master,Technical University of Denmark,Denmark
Sandoval@chen.biz,John Sandoval,PhD,Jalalabad State University Kyrgyzstan,Kyrgyzstan
Fields@swanson.net,Andrew Fields,Master,Palawan State University,Philippines
Bryant@mclean.com,Jamie Bryant,PhD,Shandong Medical University,China
Garza@hernandez-davis.com,Joseph Garza,Master,University Medical School of Pécs,Hungary
Oconnell@pratt.net,Cynthia Oconnell,PhD,Al Akhawayn University,Morocco
Allen@young.com,Alexis Allen,Master,Dhaka International University,Bangladesh
Hayes@harrington-sanchez.com,Michelle Hayes,PhD,American University of Central Asia,Kyrgyzstan
Pittman@hernandez.com,Michelle Pittman,PhD,Tajik National University,Tajikistan
Cross@perez-torres.net,Tamara Cross,PhD,University Marien Ngouabi Brazzaville,Congo
Roberson@soto-arias.com,Emma Roberson,PhD,"University of the West Indies, Cave Hill",Barbados
Collins@stewart-bailey.biz,Janice Collins,Master,Kigali Independent University,Rwanda
Garcia@ramirez.com,Courtney Garcia,PhD,University of Guyana,Guyana
Mcdowell@pierce.org,William Mcdowell,PhD,University of Malta,Malta
Hatfield@blair.com,Michael Hatfield,PhD,Urmia University of Technology,Iran
Ball@beltran.com,Jacqueline Ball,Master,University Marien Ngouabi Brazzaville,Congo
Stevens@parker-willis.com,Bruce Stevens,Master,Christ Apostolic University College,Ghana
Hall@williamson.org,Brittany Hall,Master,Lebanese University,Lebanon
Huber@owen.com,Michael Huber,PhD,University of Northern Bahr El-Ghazal,South Sudan
Bowen@oliver-johnson.biz,Karen Bowen,Master,Millersville University of Pennsylvania,United States
Pineda@rodriguez.com,Pamela Pineda,PhD,Molde University College,Norway
Jordan@miller.com,Gabriela Jordan,PhD,University of Liberia,Liberia
Johnson@haney.biz,Ashley Johnson,Master,Hungarian University of Physical Education,Hungary
Knapp@graham.com,Kristi Knapp,PhD,Al Akhawayn University,Morocco
Jones@wong.com,Madison Jones,PhD,Charisma University,Turks and Caicos Islands
Carter@webster.com,Robert Carter,PhD,Bamenda University of Science & Technology,Cameroon
Chavez@singh.com,Kyle Chavez,Master,Mohammad Ali Jinnah University,Pakistan
Bailey@lawson-brock.com,Brandon Bailey,Master,Mykolo Romerio university,Lithuania
Fernandez@jackson-gilbert.com,Larry Fernandez,Master,Bost University,Afghanistan
Sutton@hayes-howard.com,Ashley Sutton,Master,Cape Peninsula University of Technology,South Africa
Bray@long.org,Hannah Bray,Master,Malmö University College,Sweden
Lee@smith.net,Diana Lee,PhD,Maldives National University,Maldives
Best@phillips-dixon.net,Rita Best,Master,National University of Laos,Lao People's Democratic Republic
Scott@erickson.com,Zachary Scott,Master,University of Luxemburg,Luxembourg
Carr@bowman.net,Jacqueline Carr,Master,University for Peace,Costa Rica
Acosta@campbell-barber.com,Debra Acosta,PhD,Caribbean University,Puerto Rico
Bush@smith.org,Joshua Bush,PhD,Tel Aviv University,Israel
Gonzalez@wells-collins.com,Maria Gonzalez,Master,"Schiller International University, Strasbourg",France
Clarke@moore-garrison.com,Daniel Clarke,PhD,Orkhon University,Mongolia
Cortez@thomas.info,Abigail Cortez,PhD,Lincoln University,New Zealand
King@gutierrez-patrick.biz,Sean King,Master,Africa University,Zimbabwe
Orozco@mills.com,Jenna Orozco,Master,University of the Faroe Islands,Faroe Islands
Richardson@snyder.biz,Michael Richardson,PhD,Charisma University,Turks and Caicos Islands
Ali@adams.info,Zachary Ali,Master,Maldives National University,Maldives
Manning@wilson-rosales.net,Lisa Manning,Master,Tomas Bata University in Zlin,Czech Republic
Thompson@patterson.com,Kathy Thompson,Master,University Centre of the Westfjords,Iceland
George@benson.com,Meghan George,PhD,Tallinn University,Estonia
Daniels@hammond-donovan.net,Lance Daniels,PhD,Sol Plaatje University,South Africa
Patterson@kelley.biz,Jared Patterson,PhD,Kwantleen University College,Canada
Martinez@singh-collins.com,Melissa Martinez,Master,University of Guam,Guam
Wilkinson@morris.info,Tiffany Wilkinson,PhD,University of Silvaner,Saint Kitts and Nevis
Cox@hernandez.biz,Debra Cox,PhD,Lumbini Buddhist University,Nepal
Johnson@christian-holmes.com,David Johnson,PhD,Yerevan State University,Armenia
Brown@stark.com,Shelly Brown,Master,Adventist University of Central Africa,Rwanda
Hubbard@ford.info,Erica Hubbard,Master,Royal Veterinary and Agricultural University,Denmark
Castro@flowers.com,Emily Castro,PhD,Bamenda University of Science & Technology,Cameroon
Stevens@thomas.biz,Katie Stevens,Master,American University of Kuwait,Kuwait
Ramos@shaw.net,Joseph Ramos,Master,Massey University,New Zealand
Patterson@vasquez.com,Amanda Patterson,PhD,University of Horticulture and Food Industry,Hungary
Reed@cannon.info,Terry Reed,PhD,University of Aviation and Technology,Tunisia
Wilson@hart-wheeler.info,Pamela Wilson,PhD,Pyongyang University of Science and Technology,"Korea, Democratic People's Republic of"
Miller@ewing-turner.com,Thomas Miller,Master,"Schiller International University, Paris",France
Nguyen@roberts-lowe.com,Douglas Nguyen,PhD,Siberian State Industrial University,Russian Federation
Bartlett@larson.org,Francisco Bartlett,PhD,International University Institute of Luxembourg,Luxembourg
Mccarthy@walter-blair.info,Rebecca Mccarthy,Master,University of Malawi,Malawi
Welch@hoffman.info,Jonathan Welch,PhD,Duta Bangsa University,Indonesia
Adams@vaughn.com,Chad Adams,PhD,European International University,Belgium
Estrada@romero.net,Curtis Estrada,PhD,Columbus State University,United States
Frank@holt.org,Erin Frank,Master,Philippine Women's University,Philippines
Lee@forbes.org,Anthony Lee,Master,Pokhara University,Nepal
Jones@gray.info,Debra Jones,PhD,University of Mauritius,Mauritius
Rodriguez@walker-ferrell.com,Joshua Rodriguez,Master,Jacobs University Bremen,Germany
Murray@obrien.com,Roberto Murray,Master,University of Seychelles,Seychelles
Gutierrez@swanson.com,David Gutierrez,PhD,National University of Samoa,Samoa
Lowery@sanchez.com,Corey Lowery,Master,Kuwait University,Kuwait
Kelly@aguirre.net,Julie Kelly,Master,University of Sierra Leone,Sierra Leone
Braun@johns.com,Michael Braun,Master,1 December University of Alba Iulia,Romania
Stevens@juarez-elliott.com,Denise Stevens,PhD,Westhill University,Mexico
Hawkins@robinson-cox.com,John Hawkins,Master,American University of Antigua,Antigua and Barbuda
Rogers@maldonado.com,Brian Rogers,PhD,University of Malta,Malta
Patton@cunningham-haynes.com,Shelby Patton,PhD,International Medical University,Malaysia
Martin@ramos-galloway.net,Johnny Martin,PhD,Hiroshima University,Japan
Leon@massey-christian.org,Gary Leon,PhD,St Clements University - Higher Education School,Niue
Harper@vega-miller.com,Juan Harper,PhD,Cape Peninsula University of Technology,South Africa
Diaz@gray-diaz.com,Shelly Diaz,Master,Victoria International University,Panama
Long@burke.com,Heather Long,Master,American University in Bulgaria,Bulgaria
Moore@torres-marshall.com,David Moore,PhD,Trinity University School of Medicine,Saint Vincent and the Grenadines
Callahan@bullock-prince.org,James Callahan,PhD,Loughborough University,United Kingdom
Bradshaw@peck.info,Richard Bradshaw,PhD,University of Applied Sciences,Estonia
Garcia@clark-schmidt.biz,Kevin Garcia,Master,Sirte University,Libya
Swanson@lewis-owens.org,Amanda Swanson,PhD,Daffodil International University,Bangladesh
Harvey@gonzalez.com,Autumn Harvey,PhD,University of Fine Arts Belgrade,Serbia
Anderson@waters.org,Paul Anderson,Master,Masaryk University,Czech Republic
Aguirre@nolan.biz,Kristina Aguirre,PhD,Tribhuvan University Kathmandu,Nepal
Miller@mendoza-brown.net,Rebecca Miller,Master,Australian National University,Australia
Silva@branch.com,Audrey Silva,Master,Pan-African University,Nigeria
Chavez@jordan.net,Hannah Chavez,Master,Houdegbe North American University Benin,Benin
Neal@burns.com,Kristi Neal,PhD,European University Portugal,Portugal
Cole@owens.com,Jeremy Cole,Master,Mongolian State University of Education,Mongolia
