Email, Name, Degree, Institution Name, Institution Country
danielleburgess@gmail.com, Danielle Burgess, Bachelors, University of Greenland, Greenland
danielleburgess@gmail.com, Danielle Burgess, Masters, Royal University of Bhutan, Bhutan
deannaharris@example.net, Deanna Harris, Bachelors, Khulna University of Engineering And Technology, Bangladesh
deannaharris@example.net, Deanna Harris, Masters, European University Portugal, Portugal
josephandrews@hotmail.com, Joseph Andrews, Bachelors, University of Swaziland, Swaziland
josephandrews@hotmail.com, Joseph Andrews, Masters, University of New Caledonia, New Caledonia
greglopez@example.com, Greg Lopez, Bachelors, Tajik National University, Tajikistan
greglopez@example.com, Greg Lopez, Masters, Yangtze Normal University, China
briansloan@example.com, Brian Sloan, Bachelors, Algebra University College, Croatia
briansloan@example.com, Brian Sloan, Masters, University for Development Studies, Ghana
nancyalexander@example.com, Nancy Alexander, Bachelors, University of Western Sydney, Australia
nancyalexander@example.com, Nancy Alexander, Masters, American University of Science and Technology, Lebanon
nancyalexander@example.com, Nancy Alexander, PhD, American University of Antigua, Antigua and Barbuda
daniellopez@hotmail.com, Daniel Lopez, Bachelors, Singapore Management University, Singapore
daniellopez@hotmail.com, Daniel Lopez, Masters, Hope Africa University, Burundi
daniellopez@hotmail.com, Daniel Lopez, PhD, European University Portugal, Portugal
mrs.leslielane@example.com, Mrs. Leslie Lane, Bachelors, St. George's University, Grenada
mrs.leslielane@example.com, Mrs. Leslie Lane, Masters, University of Venice, Italy
mrs.leslielane@example.com, Mrs. Leslie Lane, PhD, Cyprus International University, Cyprus
anthonymyers@example.com, Anthony Myers, Bachelors, National University of Samoa, Samoa
anthonymyers@example.com, Anthony Myers, Masters, Islamic Azad University, Tabriz, Iran
anthonymyers@example.com, Anthony Myers, PhD, International University Institute of Luxembourg, Luxembourg
stephenburnett@gmail.com, Stephen Burnett, Bachelors, Tajikistan International University, Tajikistan
stephenburnett@gmail.com, Stephen Burnett, Masters, Technological University (Taunggyi), Myanmar
stephenburnett@gmail.com, Stephen Burnett, PhD, Alahgaff University, Yemen
saramcdonald@hotmail.com, Sara Mcdonald, Bachelors, Xiangtan Normal University, China
saramcdonald@hotmail.com, Sara Mcdonald, Masters, University of Science, Arts and Technology, Montserrat
johnmorris@example.com, John Morris, Bachelors, St. Matthews University, Cayman Islands
johnmorris@example.com, John Morris, Masters, University of Johannesburg, South Africa
peterwilliams@gmail.com, Peter Williams, Bachelors, University of Greenland, Greenland
peterwilliams@gmail.com, Peter Williams, Masters, Hubert Kairuki Memorial University, Tanzania, United Republic of
michaeltrujillo@hotmail.com, Michael Trujillo, Bachelors, Jumeira University, United Arab Emirates
michaeltrujillo@hotmail.com, Michael Trujillo, Masters, University of Namibia, Namibia
scottlara@example.com, Scott Lara, Bachelors, University of Swaziland, Swaziland
scottlara@example.com, Scott Lara, Masters, Law University of Bratislava, Slovakia
ericburgess@hotmail.com, Eric Burgess, Bachelors, Prince Sultan University, Saudi Arabia
ericburgess@hotmail.com, Eric Burgess, Masters, American University of the Caribbean, Haiti
jessicaponce@example.net, Jessica Ponce, Bachelors, Kanto Gakuin University, Japan
jessicaponce@example.net, Jessica Ponce, Masters, University of Science, Arts and Technology, Montserrat
jessicaponce@example.net, Jessica Ponce, PhD, Kigali Independent University, Rwanda
mr.michaelkeithdds@example.com, Mr. Michael Keith DDS, Bachelors, Al-Quds University - The Arab University in Jerusalem, Palestine, State of
mr.michaelkeithdds@example.com, Mr. Michael Keith DDS, Masters, Al Imam Al-Ouzai University, Lebanon
mr.michaelkeithdds@example.com, Mr. Michael Keith DDS, PhD, Royal University of Bhutan, Bhutan
josephglass@gmail.com, Joseph Glass, Bachelors, Al Akhawayn University, Morocco
josephglass@gmail.com, Joseph Glass, Masters, Odense University, Denmark
christophergalvan@example.net, Christopher Galvan, Bachelors, EUCLID University, Gambia
christophergalvan@example.net, Christopher Galvan, Masters, Grand Canyon University, United States
christophergalvan@example.net, Christopher Galvan, PhD, University of Saint Joseph, Macao
gregorybrock@example.net, Gregory Brock, Bachelors, Rusangu University, Zambia
gregorybrock@example.net, Gregory Brock, Masters, Moldova State University, Moldova, Republic of
justingrantjr.@example.net, Justin Grant Jr., Bachelors, University of Macau, Macao
justingrantjr.@example.net, Justin Grant Jr., Masters, American University of the Caribbean, Haiti
roseryan@hotmail.com, Rose Ryan, Bachelors, Sun Yat-Sen University of Medical Sciences, China
roseryan@hotmail.com, Rose Ryan, Masters, Technical University of Zielona Gora, Poland
roseryan@hotmail.com, Rose Ryan, PhD, University of Aviation and Technology, Tunisia
stephaniepreston@example.com, Stephanie Preston, Bachelors, University of Sopron, Hungary
stephaniepreston@example.com, Stephanie Preston, Masters, International Sakharov Environmental University, Belarus
stephaniepreston@example.com, Stephanie Preston, PhD, Royal University of Bhutan, Bhutan
michaelvelasquez@gmail.com, Michael Velasquez, Bachelors, Ilia Chavchavadze State University, Georgia
michaelvelasquez@gmail.com, Michael Velasquez, Masters, St. George's University, Grenada
danielfrey@example.net, Daniel Frey, Bachelors, National University of Ireland, Ireland
danielfrey@example.net, Daniel Frey, Masters, Southern Arkansas University Tech, United States
karenmueller@example.net, Karen Mueller, Bachelors, Nakhchivan State University, Azerbaijan
karenmueller@example.net, Karen Mueller, Masters, American University of Middle East, Kuwait
karenmueller@example.net, Karen Mueller, PhD, Siauliai University, Lithuania
elizabethhartman@example.com, Elizabeth Hartman, Bachelors, Schiller International University, Madrid, Spain
elizabethhartman@example.com, Elizabeth Hartman, Masters, Latvia University of Life Sciences and Technologies, Latvia
philipluna@example.com, Philip Luna, Bachelors, University of Latvia, Latvia
philipluna@example.com, Philip Luna, Masters, Pamir University, Afghanistan
philipluna@example.com, Philip Luna, PhD, Tbilisi State University, Georgia
timothynelson@example.net, Timothy Nelson, Bachelors, Hadhramout University of Science and Technology, Yemen
timothynelson@example.net, Timothy Nelson, Masters, National University of Rwanda, Rwanda
timothynelson@example.net, Timothy Nelson, PhD, Espam Formation University, Benin
jeremysmith@example.net, Jeremy Smith, Bachelors, University of the Faroe Islands, Faroe Islands
jeremysmith@example.net, Jeremy Smith, Masters, St. George's University, Grenada
jeremysmith@example.net, Jeremy Smith, PhD, Arab European University, Syrian Arab Republic
barbarasmith@example.com, Barbara Smith, Bachelors, Hope Africa University, Burundi
barbarasmith@example.com, Barbara Smith, Masters, American University of Paris, France
davidhodge@hotmail.com, David Hodge, Bachelors, Singidunum University, Serbia
davidhodge@hotmail.com, David Hodge, Masters, Shomal University, Iran
timothywilliamson@example.com, Timothy Williamson, Bachelors, Czech Technical University of Prague, Czech Republic
timothywilliamson@example.com, Timothy Williamson, Masters, Toyo Gakuen University, Japan
ralphjackson@hotmail.com, Ralph Jackson, Bachelors, Victoria University, Switzerland
ralphjackson@hotmail.com, Ralph Jackson, Masters, International Turkmen Turkish University, Turkmenistan
taylorryan@hotmail.com, Taylor Ryan, Bachelors, Kandahar University, Afghanistan
taylorryan@hotmail.com, Taylor Ryan, Masters, Tbilisi State Medical University, Georgia
taylorryan@hotmail.com, Taylor Ryan, PhD, Sunmoon University, Korea, Republic of
travisthomas@hotmail.com, Travis Thomas, Bachelors, Lebanese University, Lebanon
travisthomas@hotmail.com, Travis Thomas, Masters, Texila American University, Guyana
leahphelps@example.com, Leah Phelps, Bachelors, University College of Kristianstad, Sweden
leahphelps@example.com, Leah Phelps, Masters, European University Portugal, Portugal
leahphelps@example.com, Leah Phelps, PhD, University of Fiji, Fiji
rubenhubbard@example.com, Ruben Hubbard, Bachelors, Ama International University, Bahrain
rubenhubbard@example.com, Ruben Hubbard, Masters, Free International University of Moldova, Moldova, Republic of
rubenhubbard@example.com, Ruben Hubbard, PhD, Future University, Egypt
samanthasullivan@example.net, Samantha Sullivan, Bachelors, University of the South Pacific, Solomon Islands
samanthasullivan@example.net, Samantha Sullivan, Masters, University of Luxemburg, Luxembourg
erikacampbell@hotmail.com, Erika Campbell, Bachelors, Chongqing Technology and Business University, China
erikacampbell@hotmail.com, Erika Campbell, Masters, St. Matthews University, Cayman Islands
erikacampbell@hotmail.com, Erika Campbell, PhD, Swiss German University, Indonesia
daniellegentry@example.net, Danielle Gentry, Bachelors, University for Peace, Costa Rica
daniellegentry@example.net, Danielle Gentry, Masters, Westhill University, Mexico
daniellegentry@example.net, Danielle Gentry, PhD, Buddhasravaka Bhikshu University, Sri Lanka
edwardroberts@example.net, Edward Roberts, Bachelors, University of Aviation and Technology, Tunisia
edwardroberts@example.net, Edward Roberts, Masters, University of Seychelles, Seychelles
edwardroberts@example.net, Edward Roberts, PhD, Khazar University, Azerbaijan
jillianho@example.com, Jillian Ho, Bachelors, Northwestern University In Qatar, Qatar
jillianho@example.com, Jillian Ho, Masters, Appalachian State University, United States
jillianho@example.com, Jillian Ho, PhD, Frederick University, Cyprus
karenmiller@example.net, Karen Miller, Bachelors, University of Namibia, Namibia
karenmiller@example.net, Karen Miller, Masters, American University of Middle East, Kuwait
karenmiller@example.net, Karen Miller, PhD, University of Akureyri, Iceland
gabriellarson@hotmail.com, Gabriel Larson, Bachelors, Comrat State University, Moldova, Republic of
gabriellarson@hotmail.com, Gabriel Larson, Masters, University of Southern Europe (Monaco Business School), Monaco
gabriellarson@hotmail.com, Gabriel Larson, PhD, University of Montenegro, Montenegro
nicoleholland@example.com, Nicole Holland, Bachelors, Pacific Adventist University, Papua New Guinea
nicoleholland@example.com, Nicole Holland, Masters, Chaudhary Charan Singh Haryana Agricultural University, India
nicoleholland@example.com, Nicole Holland, PhD, University of the Faroe Islands, Faroe Islands
allisoncross@gmail.com, Allison Cross, Bachelors, University of Technology, Mauritius
allisoncross@gmail.com, Allison Cross, Masters, Tbilisi Pedagogical University, Georgia
laurajones@example.com, Laura Jones, Bachelors, Tbilisi State Medical University, Georgia
laurajones@example.com, Laura Jones, Masters, Alhosn University, United Arab Emirates
jodyparker@example.com, Jody Parker, Bachelors, Nkumba University, Uganda
jodyparker@example.com, Jody Parker, Masters, Military University Shoumen, Bulgaria
michelleanthony@example.net, Michelle Anthony, Bachelors, Dimocritus University of Thrace, Greece
michelleanthony@example.net, Michelle Anthony, Masters, National University of Lesotho, Lesotho
michelleanthony@example.net, Michelle Anthony, PhD, American University of the Caribbean, Haiti
kevintanner@example.com, Kevin Tanner, Bachelors, Don Mariano Marcos Memorial State University, Philippines
kevintanner@example.com, Kevin Tanner, Masters, Fourah Bay College, University of Sierra Leone, Sierra Leone
adamwilliams@example.net, Adam Williams, Bachelors, University of Zurich, Switzerland
adamwilliams@example.net, Adam Williams, Masters, University for Peace, Costa Rica
jessicacallahan@hotmail.com, Jessica Callahan, Bachelors, Shih Chien University, Taiwan
jessicacallahan@hotmail.com, Jessica Callahan, Masters, European Humanities University, Belarus
tiffanymartinez@gmail.com, Tiffany Martinez, Bachelors, University of Aviation and Technology, Tunisia
tiffanymartinez@gmail.com, Tiffany Martinez, Masters, University of Haifa, Israel
amandaandrews@example.net, Amanda Andrews, Bachelors, Jumeira University, United Arab Emirates
amandaandrews@example.net, Amanda Andrews, Masters, Maldives National University, Maldives
amandaandrews@example.net, Amanda Andrews, PhD, Arab Open University, Kuwait Branch, Kuwait
jamesmedina@gmail.com, James Medina, Bachelors, University of Novi Sad, Serbia
jamesmedina@gmail.com, James Medina, Masters, Pavol Jozef Safarik University in Kosice, Slovakia
jamesmedina@gmail.com, James Medina, PhD, University of Andorra, Andorra
vanessagreen@example.net, Vanessa Green, Bachelors, Technical University in Kosice, Slovakia
vanessagreen@example.net, Vanessa Green, Masters, Daugavpils University, Latvia
vanessagreen@example.net, Vanessa Green, PhD, Dutch Delta University, Netherlands
anthonybrewer@example.com, Anthony Brewer, Bachelors, Anton de Kom University, Suriname
anthonybrewer@example.com, Anthony Brewer, Masters, University of Science, Arts and Technology, Montserrat
melissaortega@example.net, Melissa Ortega, Bachelors, St Clements University - Higher Education School, Niue
melissaortega@example.net, Melissa Ortega, Masters, Caribbean University, Puerto Rico
melissaortega@example.net, Melissa Ortega, PhD, Maakhir University, Somalia
williamshepard@gmail.com, William Shepard, Bachelors, West Coast University (WCU), Belize
williamshepard@gmail.com, William Shepard, Masters, Espam Formation University, Benin
williamshepard@gmail.com, William Shepard, PhD, Maldives National University, Maldives
laurapace@hotmail.com, Laura Pace, Bachelors, University of Qatar, Qatar
laurapace@hotmail.com, Laura Pace, Masters, University of Swaziland, Swaziland
laurapace@hotmail.com, Laura Pace, PhD, University of Tromsø, Norway
stephaniebean@hotmail.com, Stephanie Bean, Bachelors, National University of Samoa, Samoa
stephaniebean@hotmail.com, Stephanie Bean, Masters, Prince Sultan University, Saudi Arabia
stephaniebean@hotmail.com, Stephanie Bean, PhD, Fourah Bay College, University of Sierra Leone, Sierra Leone
troybush@example.net, Troy Bush, Bachelors, Agder University College, Norway
troybush@example.net, Troy Bush, Masters, Helwan University, Egypt
troybush@example.net, Troy Bush, PhD, University for Peace, Costa Rica
carolhaynes@example.com, Carol Haynes, Bachelors, American University In Kosovo, Kosovo
carolhaynes@example.com, Carol Haynes, Masters, University for Peace, Costa Rica
angelshelton@example.com, Angel Shelton, Bachelors, University of Mauritius, Mauritius
angelshelton@example.com, Angel Shelton, Masters, University of Venda, South Africa
angelshelton@example.com, Angel Shelton, PhD, Houdegbe North American University Benin, Benin
taylorgraham@hotmail.com, Taylor Graham, Bachelors, University of Technology Jamaica, Jamaica
taylorgraham@hotmail.com, Taylor Graham, Masters, Royal University of Bhutan, Bhutan
taylorgraham@hotmail.com, Taylor Graham, PhD, Kyrgyz Turkish  Manas University, Kyrgyzstan
patriciariley@example.net, Patricia Riley, Bachelors, Walailak University, Thailand
patriciariley@example.net, Patricia Riley, Masters, University of Gjirokstra "Eqerem Cabej", Albania
patriciariley@example.net, Patricia Riley, PhD, Silliman University, Philippines
manuelserrano@example.com, Manuel Serrano, Bachelors, University “Pavaresia” Vlore, Albania
manuelserrano@example.com, Manuel Serrano, Masters, Moldova Cooperative Trade University, Moldova, Republic of
nicolelane@example.com, Nicole Lane, Bachelors, Bircham International University, Spain
nicolelane@example.com, Nicole Lane, Masters, University of Applied Sciences Aargau, Switzerland
colleenaguilar@example.com, Colleen Aguilar, Bachelors, University of Andorra, Andorra
colleenaguilar@example.com, Colleen Aguilar, Masters, University of Nova Gorica, Slovenia
colleenaguilar@example.com, Colleen Aguilar, PhD, Tbilisi State Medical University, Georgia
heathercordova@example.com, Heather Cordova, Bachelors, Soochow University, Taiwan
heathercordova@example.com, Heather Cordova, Masters, Al-Isra University, Jordan
mrs.danielleyoung@example.com, Mrs. Danielle Young, Bachelors, Binus University, Indonesia
mrs.danielleyoung@example.com, Mrs. Danielle Young, Masters, Espam Formation University, Benin
derekharrell@example.com, Derek Harrell, Bachelors, Diaconia University of Applied Sciences, Finland
derekharrell@example.com, Derek Harrell, Masters, University of Indianapolis in Athens, Greece
dennismcdaniel@example.com, Dennis Mcdaniel, Bachelors, University of the South Pacific School of Agriculture, Samoa
dennismcdaniel@example.com, Dennis Mcdaniel, Masters, Qom University of Medical Sciences, Iran
dennismcdaniel@example.com, Dennis Mcdaniel, PhD, 2nd Military Medical University, China
davidthornton@example.com, David Thornton, Bachelors, Girne American University, Cyprus
davidthornton@example.com, David Thornton, Masters, Anton de Kom University, Suriname
craigrobinson@example.com, Craig Robinson, Bachelors, Technological University (Myitkyina), Myanmar
craigrobinson@example.com, Craig Robinson, Masters, National Taipei University of Technology, Taiwan
timothymartin@gmail.com, Timothy Martin, Bachelors, Al-Quds University - The Arab University in Jerusalem, Palestine, State of
timothymartin@gmail.com, Timothy Martin, Masters, Caribbean University, Puerto Rico
kevinwilliams@gmail.com, Kevin Williams, Bachelors, Al Akhawayn University, Morocco
kevinwilliams@gmail.com, Kevin Williams, Masters, Floret Global University, Panama
derekrichardson@gmail.com, Derek Richardson, Bachelors, Pyongyang University of Science and Technology, Korea, Democratic People's Republic of
derekrichardson@gmail.com, Derek Richardson, Masters, Bamenda University of Science & Technology, Cameroon
codynguyen@example.net, Cody Nguyen, Bachelors, National Technical University of Athens, Greece
codynguyen@example.net, Cody Nguyen, Masters, Gulf University for Science and Technology, Kuwait
codynguyen@example.net, Cody Nguyen, PhD, University of Southern Europe (Monaco Business School), Monaco
hannahhall@hotmail.com, Hannah Hall, Bachelors, State University of Tetova, North Macedonia
hannahhall@hotmail.com, Hannah Hall, Masters, Al Mamon University College, Iraq
hannahhall@hotmail.com, Hannah Hall, PhD, Armenian State University of Economics, Armenia
crystalkim@example.net, Crystal Kim, Bachelors, University of Southern Europe (Monaco Business School), Monaco
crystalkim@example.net, Crystal Kim, Masters, Palestine Polytechnic University, Palestine, State of
andreagilmoremd@example.com, Andrea Gilmore MD, Bachelors, University of Sarajevo, Bosnia and Herzegovina
andreagilmoremd@example.com, Andrea Gilmore MD, Masters, Westhill University, Mexico
elizabethhubbard@example.net, Elizabeth Hubbard, Bachelors, Belarussian State Medical University, Belarus
elizabethhubbard@example.net, Elizabeth Hubbard, Masters, Technical University of Denmark, Denmark
elizabethhubbard@example.net, Elizabeth Hubbard, PhD, Higher School of University and Advanced Studies Pisa, Italy
jenniferwilkerson@gmail.com, Jennifer Wilkerson, Bachelors, Charisma University, Turks and Caicos Islands
jenniferwilkerson@gmail.com, Jennifer Wilkerson, Masters, University of Guam, Guam
paulashaffer@example.com, Paula Shaffer, Bachelors, International University of Management, Namibia
paulashaffer@example.com, Paula Shaffer, Masters, University of Saint Joseph, Macao
paulashaffer@example.com, Paula Shaffer, PhD, University of Liberia, Liberia
kevinholmes@example.com, Kevin Holmes, Bachelors, Ross University Caribbean School of Veterinary Medicine, Saint Kitts and Nevis
kevinholmes@example.com, Kevin Holmes, Masters, Technological University of Iceland, Iceland
kevinholmes@example.com, Kevin Holmes, PhD, University of Montenegro, Montenegro
brandoncompton@example.net, Brandon Compton, Bachelors, Victoria University of Wellington, New Zealand
brandoncompton@example.net, Brandon Compton, Masters, Malawi University of Business and Applied Sciences, Malawi
brandoncompton@example.net, Brandon Compton, PhD, Nigerian Turkish Nile University, Nigeria
arianagreer@hotmail.com, Ariana Greer, Bachelors, Saba University, Yemen
arianagreer@hotmail.com, Ariana Greer, Masters, Durban University of Technology, South Africa
arianagreer@hotmail.com, Ariana Greer, PhD, Bar-Ilan University, Israel
kimberlypatton@example.com, Kimberly Patton, Bachelors, Al Akhawayn University, Morocco
kimberlypatton@example.com, Kimberly Patton, Masters, University of Juba, South Sudan
bethmanning@hotmail.com, Beth Manning, Bachelors, Gemsville Technical University, Guyana
bethmanning@hotmail.com, Beth Manning, Masters, University of Namibia, Namibia
rubenrobbins@example.net, Ruben Robbins, Bachelors, European University Portugal, Portugal
rubenrobbins@example.net, Ruben Robbins, Masters, St Theresa's Medical University, Saint Kitts and Nevis
kellydavis@example.net, Kelly Davis, Bachelors, Kar University, Iran
kellydavis@example.net, Kelly Davis, Masters, University of Auckland, New Zealand
joelsmith@gmail.com, Joel Smith, Bachelors, University of Andorra, Andorra
joelsmith@gmail.com, Joel Smith, Masters, University of Montenegro, Montenegro
staceypearson@gmail.com, Stacey Pearson, Bachelors, Midlands State University, Zimbabwe
staceypearson@gmail.com, Stacey Pearson, Masters, Bingol University, Turkey
billysalasdvm@gmail.com, Billy Salas DVM, Bachelors, Nevsehir Haci Bektas Veli University, Turkey
billysalasdvm@gmail.com, Billy Salas DVM, Masters, Benadir University, Somalia
davidsampson@example.com, David Sampson, Bachelors, European Carolus Magnus University, Belgium
davidsampson@example.com, David Sampson, Masters, ABM University College, Botswana
emmasolomon@example.net, Emma Solomon, Bachelors, University of Korca "Fan Noli", Albania
emmasolomon@example.net, Emma Solomon, Masters, National University of Laos, Lao People's Democratic Republic
emmasolomon@example.net, Emma Solomon, PhD, HTW Chur - University of Applied Sciences HTW Chur, Switzerland
lesliemadden@example.com, Leslie Madden, Bachelors, Petrozavodsk State University, Russian Federation
lesliemadden@example.com, Leslie Madden, Masters, University Marien Ngouabi Brazzaville, Congo
lesliemadden@example.com, Leslie Madden, PhD, Victoria University, Australia
kylebates@example.com, Kyle Bates, Bachelors, Purbanchal University, Nepal
kylebates@example.com, Kyle Bates, Masters, University of the West Indies, Cave Hill, Barbados
kylebates@example.com, Kyle Bates, PhD, University of the Faroe Islands, Faroe Islands
carlyturner@gmail.com, Carly Turner, Bachelors, Australian National University, Australia
carlyturner@gmail.com, Carly Turner, Masters, Al-Asmarya University for Islamic Studies, Libya
sophiaholden@example.net, Sophia Holden, Bachelors, National University of Rwanda, Rwanda
sophiaholden@example.net, Sophia Holden, Masters, Hubert Kairuki Memorial University, Tanzania, United Republic of
sophiaholden@example.net, Sophia Holden, PhD, Chinese University of Hong Kong, Hong Kong
parkerbuckley@hotmail.com, Parker Buckley, Bachelors, Royal University of Fine Arts, Cambodia
parkerbuckley@hotmail.com, Parker Buckley, Masters, Harvard University, United States
jamesyoung@example.net, James Young, Bachelors, Rutgers University, Newark, United States
jamesyoung@example.net, James Young, Masters, University of the South Pacific, Solomon Islands
douglascase@gmail.com, Douglas Case, Bachelors, University of Pardubice, Czech Republic
douglascase@gmail.com, Douglas Case, Masters, Papua New Guinea University of Technology, Papua New Guinea
peggyhess@example.com, Peggy Hess, Bachelors, Al Mamon University College, Iraq
peggyhess@example.com, Peggy Hess, Masters, University of Newcastle, Australia
peggyhess@example.com, Peggy Hess, PhD, Singapore Management University, Singapore
franciswilson@example.com, Francis Wilson, Bachelors, St Clements University - Higher Education School, Niue
franciswilson@example.com, Francis Wilson, Masters, University of the Faroe Islands, Faroe Islands
jenniferbrown@example.com, Jennifer Brown, Bachelors, Kigali Independent University, Rwanda
jenniferbrown@example.com, Jennifer Brown, Masters, University of Seychelles, Seychelles
jenniferbrown@example.com, Jennifer Brown, PhD, Dhofar University, Oman
lisabarnes@gmail.com, Lisa Barnes, Bachelors, Lampang Rajabhat University, Thailand
lisabarnes@gmail.com, Lisa Barnes, Masters, Kyrgyz State University of Construction, Transportation and Architecture, Kyrgyzstan
daniellechavez@example.net, Danielle Chavez, Bachelors, Hong Kong Baptist University, Hong Kong
daniellechavez@example.net, Danielle Chavez, Masters, State University of Tetova, North Macedonia
daniellechavez@example.net, Danielle Chavez, PhD, Pacific Adventist University, Papua New Guinea
eduardoburns@example.net, Eduardo Burns, Bachelors, National University of Lesotho, Lesotho
eduardoburns@example.net, Eduardo Burns, Masters, Technological University (Kyaukse), Myanmar
eduardoburns@example.net, Eduardo Burns, PhD, University of Science, Arts and Technology, Montserrat
troymorrison@gmail.com, Troy Morrison, Bachelors, University Marien Ngouabi Brazzaville, Congo
troymorrison@gmail.com, Troy Morrison, Masters, University of the West Indies, Cave Hill, Barbados
troymorrison@gmail.com, Troy Morrison, PhD, Northern Caribbean University, Jamaica
scottmiller@gmail.com, Scott Miller, Bachelors, Zimbabwe Open University, Zimbabwe
scottmiller@gmail.com, Scott Miller, Masters, Northern Caribbean University, Jamaica
cynthiabailey@hotmail.com, Cynthia Bailey, Bachelors, Duta Bangsa University, Indonesia
cynthiabailey@hotmail.com, Cynthia Bailey, Masters, University of Health Sciences Antigua, Antigua and Barbuda
cynthiabailey@hotmail.com, Cynthia Bailey, PhD, New World University, Dominica
jackwilliams@example.com, Jack Williams, Bachelors, Kotelawala Defence University, Sri Lanka
jackwilliams@example.com, Jack Williams, Masters, Bamenda University of Science & Technology, Cameroon
jackwilliams@example.com, Jack Williams, PhD, Fiji National University, Fiji
oscarcole@example.com, Oscar Cole, Bachelors, University of Brunei Darussalam, Brunei Darussalam
oscarcole@example.com, Oscar Cole, Masters, University of the South Pacific, Solomon Islands
jonathantaylor@gmail.com, Jonathan Taylor, Bachelors, Trinity University School of Medicine, Saint Vincent and the Grenadines
jonathantaylor@gmail.com, Jonathan Taylor, Masters, University of Andorra, Andorra
tracyrodriguez@hotmail.com, Tracy Rodriguez, Bachelors, American University In Kosovo, Kosovo
tracyrodriguez@hotmail.com, Tracy Rodriguez, Masters, Catholic University of Malawi, Malawi
tracyrodriguez@hotmail.com, Tracy Rodriguez, PhD, Gomel State Medical University, Belarus
jameswilliams@example.com, James Williams, Bachelors, Aletheia University, Taiwan
jameswilliams@example.com, James Williams, Masters, Swiss German University, Indonesia
thomasfisher@example.net, Thomas Fisher, Bachelors, National University of Rwanda, Rwanda
thomasfisher@example.net, Thomas Fisher, Masters, Hatyai University, Thailand
ashleysims@hotmail.com, Ashley Sims, Bachelors, Royal University of Bhutan, Bhutan
ashleysims@hotmail.com, Ashley Sims, Masters, Medical University Pleven, Bulgaria
todddavis@example.net, Todd Davis, Bachelors, Southern University and A&M College, United States
todddavis@example.net, Todd Davis, Masters, Law University of Bratislava, Slovakia
tanyagarcia@example.net, Tanya Garcia, Bachelors, Trinity University School of Medicine, Saint Vincent and the Grenadines
tanyagarcia@example.net, Tanya Garcia, Masters, University of Andorra, Andorra
sarawoods@example.com, Sara Woods, Bachelors, American University of the Caribbean, Haiti
sarawoods@example.com, Sara Woods, Masters, Herat University, Afghanistan
sarawoods@example.com, Sara Woods, PhD, Caribbean University, Puerto Rico
michelerice@example.net, Michele Rice, Bachelors, University of the South Pacific Centre, Tonga
michelerice@example.net, Michele Rice, Masters, Kigali Independent University, Rwanda
tinamoore@gmail.com, Tina Moore, Bachelors, International Blacksea University, Georgia
tinamoore@gmail.com, Tina Moore, Masters, Lappeenranta University of Technology, Finland
tinamoore@gmail.com, Tina Moore, PhD, Bamenda University of Science & Technology, Cameroon
johnnygrant@example.net, Johnny Grant, Bachelors, University of Northern Bahr El-Ghazal, South Sudan
johnnygrant@example.net, Johnny Grant, Masters, European University, Serbia
adampeterson@hotmail.com, Adam Peterson, Bachelors, Purdue University Fort Wayne, United States
adampeterson@hotmail.com, Adam Peterson, Masters, State University of Tetova, North Macedonia
katherinemendez@hotmail.com, Katherine Mendez, Bachelors, Donetsk National Technical University, Ukraine
katherinemendez@hotmail.com, Katherine Mendez, Masters, University Marien Ngouabi Brazzaville, Congo
katherinemendez@hotmail.com, Katherine Mendez, PhD, University of the West Indies, Cave Hill, Barbados
jasonphillips@example.com, Jason Phillips, Bachelors, University of the Southern Caribbean, Trinidad and Tobago
jasonphillips@example.com, Jason Phillips, Masters, University of Pannonia, Hungary
lauralopez@hotmail.com, Laura Lopez, Bachelors, University for Peace, Costa Rica
lauralopez@hotmail.com, Laura Lopez, Masters, Jordan University of Science and Technology, Jordan
suzannevasquez@example.net, Suzanne Vasquez, Bachelors, Sirte University, Libya
suzannevasquez@example.net, Suzanne Vasquez, Masters, American University of Antigua, Antigua and Barbuda
kevinclements@hotmail.com, Kevin Clements, Bachelors, Charisma University, Turks and Caicos Islands
kevinclements@hotmail.com, Kevin Clements, Masters, National University of Samoa, Samoa
kevinclements@hotmail.com, Kevin Clements, PhD, Yanbu University College, Saudi Arabia
erichernandez@gmail.com, Eric Hernandez, Bachelors, University of Cassino, Italy
erichernandez@gmail.com, Eric Hernandez, Masters, University of SS. Cyril and Methodius in Trnava, Slovakia
dr.hannahwashington@gmail.com, Dr. Hannah Washington, Bachelors, National University of Lesotho, Lesotho
dr.hannahwashington@gmail.com, Dr. Hannah Washington, Masters, University Marien Ngouabi Brazzaville, Congo
dr.hannahwashington@gmail.com, Dr. Hannah Washington, PhD, University Medical School of Debrecen, Hungary
cindyrussell@example.net, Cindy Russell, Bachelors, International University Institute of Luxembourg, Luxembourg
cindyrussell@example.net, Cindy Russell, Masters, University of Science, Arts and Technology, Montserrat
cindyrussell@example.net, Cindy Russell, PhD, Singapore Management University, Singapore
carmenstokes@example.net, Carmen Stokes, Bachelors, Biju Pattnaik University of Technology, India
carmenstokes@example.net, Carmen Stokes, Masters, Crawford University, Nigeria
carmenstokes@example.net, Carmen Stokes, PhD, University of Northern Bahr El-Ghazal, South Sudan
lauraflynn@example.com, Laura Flynn, Bachelors, Sefako Makgatho Health Sciences University, South Africa
lauraflynn@example.com, Laura Flynn, Masters, Chulalongkorn University, Thailand
lauraflynn@example.com, Laura Flynn, PhD, European University Portugal, Portugal
nicholaswilliamsjr.@hotmail.com, Nicholas Williams Jr., Bachelors, Uzima University College, Kenya
nicholaswilliamsjr.@hotmail.com, Nicholas Williams Jr., Masters, University of Namibia, Namibia
sherrymills@hotmail.com, Sherry Mills, Bachelors, Sur University College, Oman
sherrymills@hotmail.com, Sherry Mills, Masters, Norway's Information Technology University College, Norway
lindamorris@example.com, Linda Morris, Bachelors, Moldova State Agricultural University, Moldova, Republic of
lindamorris@example.com, Linda Morris, Masters, Suez Canal University, Egypt
lindamorris@example.com, Linda Morris, PhD, Australian National University, Australia
jessemays@example.com, Jesse Mays, Bachelors, Zurich University of Applied Sciences Winterthur, Switzerland
jessemays@example.com, Jesse Mays, Masters, University of Mauritius, Mauritius
jasonjuarez@hotmail.com, Jason Juarez, Bachelors, Saba University, Yemen
jasonjuarez@hotmail.com, Jason Juarez, Masters, University of the Faroe Islands, Faroe Islands
lauraprice@example.net, Laura Price, Bachelors, Arab Open University, Lebanon
lauraprice@example.net, Laura Price, Masters, University of Kuopio, Finland
patriciarichardson@example.com, Patricia Richardson, Bachelors, West Coast University (WCU), Panama
patriciarichardson@example.com, Patricia Richardson, Masters, Bamenda University of Science & Technology, Cameroon
williamtaylor@example.net, William Taylor, Bachelors, University of Zambia, Zambia
williamtaylor@example.net, William Taylor, Masters, Tajik Agrarian University, Tajikistan
williamtaylor@example.net, William Taylor, PhD, University of Basel, Switzerland
matthewbryan@example.net, Matthew Bryan, Bachelors, Tajik National University, Tajikistan
matthewbryan@example.net, Matthew Bryan, Masters, University of the West Indies St. Augustine, Trinidad and Tobago
matthewbryan@example.net, Matthew Bryan, PhD, Hsuan Chuang University, Taiwan
lisagreen@gmail.com, Lisa Green, Bachelors, Omdurman Islamic University, Sudan
lisagreen@gmail.com, Lisa Green, Masters, Eurasia International University, Armenia
kristenwatsondds@example.com, Kristen Watson DDS, Bachelors, Central University College, Ghana
kristenwatsondds@example.com, Kristen Watson DDS, Masters, Sol Plaatje University, South Africa
kristenwatsondds@example.com, Kristen Watson DDS, PhD, Diaconia University of Applied Sciences, Finland
rebeccabowman@hotmail.com, Rebecca Bowman, Bachelors, University of Aviation and Technology, Tunisia
rebeccabowman@hotmail.com, Rebecca Bowman, Masters, Royal University of Bhutan, Bhutan
rebeccabowman@hotmail.com, Rebecca Bowman, PhD, Botswana International University of Science & Technology, Botswana
mr.connorpugh@example.com, Mr. Connor Pugh, Bachelors, Pyongyang University of Science and Technology, Korea, Democratic People's Republic of
mr.connorpugh@example.com, Mr. Connor Pugh, Masters, Hue University of Agriculture and Forestry, Viet Nam
mr.connorpugh@example.com, Mr. Connor Pugh, PhD, Pedagogical State University "Ion Creanga", Moldova, Republic of
wesleymiranda@example.net, Wesley Miranda, Bachelors, The Education University of Hong Kong, Hong Kong
wesleymiranda@example.net, Wesley Miranda, Masters, Schiller International University, Madrid, Spain
davidscott@hotmail.com, David Scott, Bachelors, Isra University, Pakistan
davidscott@hotmail.com, David Scott, Masters, Technological University (Pinlon), Myanmar
courtneyanderson@example.net, Courtney Anderson, Bachelors, American University of the Caribbean, Haiti
courtneyanderson@example.net, Courtney Anderson, Masters, Paktia University, Afghanistan
juliesummers@example.com, Julie Summers, Bachelors, University of Ljubljana, Slovenia
juliesummers@example.com, Julie Summers, Masters, Caribbean University, Puerto Rico
juliesummers@example.com, Julie Summers, PhD, Lampang Rajabhat University, Thailand
michaelgreen@example.com, Michael Green, Bachelors, Westhill University, Mexico
michaelgreen@example.com, Michael Green, Masters, Hope Africa University, Burundi
michaelgreen@example.com, Michael Green, PhD, Georgia Southwestern State University, United States
tracyphelps@hotmail.com, Tracy Phelps, Bachelors, University College Cork, Ireland
tracyphelps@hotmail.com, Tracy Phelps, Masters, Maldives National University, Maldives
jeremytorres@gmail.com, Jeremy Torres, Bachelors, Hanoi University of Science and Technology, Viet Nam
jeremytorres@gmail.com, Jeremy Torres, Masters, Islamic Azad University, Yazd, Iran
vincentsantos@example.com, Vincent Santos, Bachelors, European University Cyprus, Cyprus
vincentsantos@example.com, Vincent Santos, Masters, University of the Southern Caribbean, Trinidad and Tobago
vincentsantos@example.com, Vincent Santos, PhD, Ummah University, Palestine, State of
dr.davidstevensdds@hotmail.com, Dr. David Stevens DDS, Bachelors, University of Bristol, United Kingdom
dr.davidstevensdds@hotmail.com, Dr. David Stevens DDS, Masters, University for Peace, Costa Rica
amydominguez@hotmail.com, Amy Dominguez, Bachelors, Arab American University - Jenin, Palestine, State of
amydominguez@hotmail.com, Amy Dominguez, Masters, Antalya international University, Turkey
amydominguez@hotmail.com, Amy Dominguez, PhD, American University of Antigua, Antigua and Barbuda
cindymarsh@example.com, Cindy Marsh, Bachelors, University of Greenland, Greenland
cindymarsh@example.com, Cindy Marsh, Masters, Norton University, Cambodia
cindymarsh@example.com, Cindy Marsh, PhD, University of Brunei Darussalam, Brunei Darussalam
ivanrichardson@example.com, Ivan Richardson, Bachelors, Northwestern University In Qatar, Qatar
ivanrichardson@example.com, Ivan Richardson, Masters, University of Food Technology, Bulgaria
ivanrichardson@example.com, Ivan Richardson, PhD, Trinity University School of Medicine, Saint Vincent and the Grenadines
johnboyd@hotmail.com, John Boyd, Bachelors, University of Swaziland, Swaziland
johnboyd@hotmail.com, John Boyd, Masters, Nilai University College, Malaysia
michaelbarnes@hotmail.com, Michael Barnes, Bachelors, Anglo-American University, Czech Republic
michaelbarnes@hotmail.com, Michael Barnes, Masters, Meiji Gakuin University, Japan
garyjackson@example.net, Gary Jackson, Bachelors, University of Liberia, Liberia
garyjackson@example.net, Gary Jackson, Masters, Lilongwe University of Agriculture and Natural Resources, Malawi
christopherflowers@hotmail.com, Christopher Flowers, Bachelors, Zimbabwe Ezekiel Guti University, Zimbabwe
christopherflowers@hotmail.com, Christopher Flowers, Masters, Westhill University, Mexico
christopherflowers@hotmail.com, Christopher Flowers, PhD, Texila American University, Guyana
michaelthomas@example.net, Michael Thomas, Bachelors, Schiller International University, Heidelberg, Germany
michaelthomas@example.net, Michael Thomas, Masters, Dedan Kimathi University of Technology, Kenya
kylebrown@example.net, Kyle Brown, Bachelors, University of Northern Bahr El-Ghazal, South Sudan
kylebrown@example.net, Kyle Brown, Masters, University of Brunei Darussalam, Brunei Darussalam
kylebrown@example.net, Kyle Brown, PhD, University of Saint Joseph, Macao
sarahfischer@hotmail.com, Sarah Fischer, Bachelors, University of Swaziland, Swaziland
sarahfischer@hotmail.com, Sarah Fischer, Masters, University of the Humanities, Mongolia
sarahfischer@hotmail.com, Sarah Fischer, PhD, American University In Kosovo, Kosovo
ashleymorrison@example.com, Ashley Morrison, Bachelors, King Saud bin Abdulaziz University for Health Sciences, Saudi Arabia
ashleymorrison@example.com, Ashley Morrison, Masters, American University In Kosovo, Kosovo
ashleymorrison@example.com, Ashley Morrison, PhD, Spartan University of Health Sciences, Saint Lucia
kathymaldonado@example.com, Kathy Maldonado, Bachelors, University of Akureyri, Iceland
kathymaldonado@example.com, Kathy Maldonado, Masters, University of Science, Arts and Technology, Montserrat
kathymaldonado@example.com, Kathy Maldonado, PhD, Kigali Independent University, Rwanda
karenmills@example.com, Karen Mills, Bachelors, St Clements University - Higher Education School, Niue
karenmills@example.com, Karen Mills, Masters, International School of New Media, University of Lübeck, Germany
dr.jennifermorris@example.net, Dr. Jennifer Morris, Bachelors, Amman Arab University for Higher Studies, Jordan
dr.jennifermorris@example.net, Dr. Jennifer Morris, Masters, Royal University of Bhutan, Bhutan
dr.jennifermorris@example.net, Dr. Jennifer Morris, PhD, The Hang Seng University of Hong Kong, Hong Kong
katherinepadilla@hotmail.com, Katherine Padilla, Bachelors, St. Mary's University, Canada
katherinepadilla@hotmail.com, Katherine Padilla, Masters, University of Malta, Malta
stephaniehampton@example.com, Stephanie Hampton, Bachelors, The Kingdom University, Bahrain
stephaniehampton@example.com, Stephanie Hampton, Masters, University of Oslo, Norway
stephaniehampton@example.com, Stephanie Hampton, PhD, Anton de Kom University, Suriname
cherylharper@gmail.com, Cheryl Harper, Bachelors, University of the South Pacific, Solomon Islands
cherylharper@gmail.com, Cheryl Harper, Masters, Hebei University, China
valeriewilson@hotmail.com, Valerie Wilson, Bachelors, Vidzeme University College, Latvia
valeriewilson@hotmail.com, Valerie Wilson, Masters, Punjabi University Patiala, India
troybrown@example.com, Troy Brown, Bachelors, University of Malawi | Old, Malawi
troybrown@example.com, Troy Brown, Masters, Zawiya University, Libya
antoniohorn@example.net, Antonio Horn, Bachelors, University of Aviation and Technology, Tunisia
antoniohorn@example.net, Antonio Horn, Masters, Espam Formation University, Benin
antoniohorn@example.net, Antonio Horn, PhD, Azerbaijan State Pedagogic University, Azerbaijan
curtissingleton@example.net, Curtis Singleton, Bachelors, Mount Saint Vincent University, Canada
curtissingleton@example.net, Curtis Singleton, Masters, Kyrgyz National Agrarian University, Kyrgyzstan
joannbarnett@example.net, Joann Barnett, Bachelors, University of Nizwa, Oman
joannbarnett@example.net, Joann Barnett, Masters, Gulf University for Science and Technology, Kuwait
maxsmith@example.com, Max Smith, Bachelors, American University of Kuwait, Kuwait
maxsmith@example.com, Max Smith, Masters, Kure University, Japan
lesliebuchanan@gmail.com, Leslie Buchanan, Bachelors, University of Pula, Croatia
lesliebuchanan@gmail.com, Leslie Buchanan, Masters, National Taipei University, Taiwan
lesliebuchanan@gmail.com, Leslie Buchanan, PhD, University of the Faroe Islands, Faroe Islands
josephgomez@example.com, Joseph Gomez, Bachelors, Leiden University, Netherlands
josephgomez@example.com, Joseph Gomez, Masters, Binus University, Indonesia
johnharris@example.com, John Harris, Bachelors, Adventist University of Central Africa, Rwanda
johnharris@example.com, John Harris, Masters, Masinde Muliro University of Science and Technology, Kenya
johnharris@example.com, John Harris, PhD, Metropolitan University, Serbia
peterallen@hotmail.com, Peter Allen, Bachelors, Uva Wellassa University, Sri Lanka
peterallen@hotmail.com, Peter Allen, Masters, Azerbaijan University of Architecture and Construction, Azerbaijan
jeffreyshelton@example.com, Jeffrey Shelton, Bachelors, University of Reggio Calabria, Italy
jeffreyshelton@example.com, Jeffrey Shelton, Masters, University of the South Pacific, Solomon Islands
jeffreyshelton@example.com, Jeffrey Shelton, PhD, University of Rijeka, Croatia
jamiewoods@example.net, Jamie Woods, Bachelors, Tajik Agrarian University, Tajikistan
jamiewoods@example.net, Jamie Woods, Masters, Latvia University of Life Sciences and Technologies, Latvia
michellepeck@gmail.com, Michelle Peck, Bachelors, University of Mustansiriyah, Iraq
michellepeck@gmail.com, Michelle Peck, Masters, University of Technology, Mauritius
michellepeck@gmail.com, Michelle Peck, PhD, Federal University of Technology, Akure, Nigeria
annahenderson@example.net, Anna Henderson, Bachelors, Takhar University, Afghanistan
annahenderson@example.net, Anna Henderson, Masters, University of the Faroe Islands, Faroe Islands
saraford@example.com, Sara Ford, Bachelors, Caribbean University, Puerto Rico
saraford@example.com, Sara Ford, Masters, Mountains of the Moon University, Uganda
saraford@example.com, Sara Ford, PhD, University of the Virgin Islands, Virgin Islands, British
annwhite@example.com, Ann White, Bachelors, Gemsville Technical University, Guyana
annwhite@example.com, Ann White, Masters, University of the Virgin Islands, Virgin Islands, British
annwhite@example.com, Ann White, PhD, University of Macau, Macao
andrewortiz@gmail.com, Andrew Ortiz, Bachelors, Sohar University, Oman
andrewortiz@gmail.com, Andrew Ortiz, Masters, Palacký University Olomouc, Czech Republic
andrewortiz@gmail.com, Andrew Ortiz, PhD, American University of the Caribbean, Haiti
jennifermay@example.net, Jennifer May, Bachelors, Comenius University in Bratislava, Slovakia
jennifermay@example.net, Jennifer May, Masters, Institue of Historical Research, University of London, United Kingdom
rachaeltaylor@example.com, Rachael Taylor, Bachelors, University of Dubrovnik, Croatia
rachaeltaylor@example.com, Rachael Taylor, Masters, University of the South Pacific Centre, Tonga
timothystevens@example.net, Timothy Stevens, Bachelors, Valahia University of Targoviste, Romania
timothystevens@example.net, Timothy Stevens, Masters, Jerash Private University, Jordan
timothystevens@example.net, Timothy Stevens, PhD, University of Qatar, Qatar
derekturner@example.net, Derek Turner, Bachelors, Al Akhawayn University, Morocco
derekturner@example.net, Derek Turner, Masters, National University of Ireland, Maynooth, Ireland
amywang@hotmail.com, Amy Wang, Bachelors, St. George's University, Grenada
amywang@hotmail.com, Amy Wang, Masters, University of Botswana, Botswana
